	Kingdom	Phylum	Class	Order	Family	Genus	Species	ASV	ASVseqs
ASV_1	Bacteria	Patescibacteria	Saccharimonadia	Saccharimonadales	LWQ8	NA	NA	ASV_1	GTAGGGAATTTTCCACAATGGACGAAAGTCTGATGGAGCAACGCCGCGTGCAGGATGAATGCCTTCGGGTTGTAAACTGCTTTTATATGTGACGAATATGACGGTAGCATATGAATAAGGATCGGCTAACTCCGTGCCAGCAGCCGCGGTCATACGGAGGATCCAAGCGTTATCCGGAATTACTGGGCGTAAAGAGTTGCGTAGGTGGCATAGTAAGTAGATAGTGAAAGCGTGGGGAGCAAACAGGA
ASV_2	Bacteria	Patescibacteria	Saccharimonadia	Saccharimonadales	LWQ8	NA	NA	ASV_2	GTAGGGAATTTTCCACAATGGACGAAAGTCTGATGGAGCAACGCCGCGTGCAGGATGAATGCCTTCGGGTTGTAAACTGCTTTTATATGTGACGATTATGACGGTAGCATATGAATAAGGATCGGCTAACTCCGTGCCAGCAGCCGCGGTCATACGGAGGATCCAAGCGTTATCCGGAATTACTGGGCGTAAAGAGTTGCGTAGGTGGCATTGTAAGCAAGTAGTGAAAGCGTGGGGAGCAAACAGGA
ASV_3	Bacteria	Patescibacteria	Saccharimonadia	Saccharimonadales	LWQ8	NA	NA	ASV_3	GTAGGGAATTTTCCACAATGGGCGAAAGCCTGATGGAGCAACGCCGCGTGCAGGATGAATGCCTTCGGGTTGTAAACTGCTTTTATATGTGACGATTATGACGGTAGCATATGAATAAGGATCGGCTAACTCCGTGCCAGCAGCCGCGGTCATACGGAGGATCCAAGCGTTATCCGGAATTACTGGGCGTAAAGAGTTGCGTAGGTGGCATAGTAAGCGAGTAGTGAAAGCGTGTGGAGCAAACAGGA
ASV_4	Bacteria	Patescibacteria	Saccharimonadia	Saccharimonadales	LWQ8	NA	NA	ASV_4	GTAGGGAATTTTCCACAATGGGCGAAAGCCTGATGGAGCAACGCCGCGTGCAGGATGAAGGTTTTAGGATTGTAAACTGCTTTTATCTGTGACGATTATGACGGTAGCAGATGAATAAGGATCGGCTAACTCCGTGCCAGCAGCCGCGGTCATACGGAGGATCCAAGCGTTATCCGGAATTACTGGGCGTAAAGAGTTGCGTAGGTGGTTAAGTAAGTTAATAGTGAAAGCGTGGGGAGCGAACAGGA
ASV_5	Bacteria	Chloroflexi	Anaerolineae	NA	NA	NA	NA	ASV_5	GTGAGGAATATTGCACAATGGGCGAAAGCCTGATGCAGCAACGCCGCGTGGAGGACGAAGGCCTTCGGGTTGTAAACTCCTTTTCTGAGGGACGAGGAAGGACGGTACCTCAGGAATAAGTCTCGGCTAACTACGTGCCAGCAGCCGCGGTCATACGGAGGAGGCAAGCGTTATCCGGAATTACTGGGCGTAAAGAGTTGCGTAGGTGGCACAGTGTGTCTGTAGTGAAAGCGTGGGGAGCGAACAGGA
ASV_6	Bacteria	Patescibacteria	Saccharimonadia	Saccharimonadales	LWQ8	NA	NA	ASV_6	GTAGGGAATTTTCCACAATGGACGAAAGTCTGATGGAGCAACGCCGCGTGCAGGATGAATGCCTTCGGGTTGTAAACTGCTTTTAAGAGTGACGAATATGACGGTAGCTCTTGAATAAGGATCGGCTAACTCCGTGCCAGCAGCCGCGGTCATACGGAGGATCCAAGCGTTATCCGGAATTACTGGGCGTAAAGAGTTGCGTAGGTGGCATCGTAAGTTGGTAGTGAAAGCGTGGGGAGCAAACAGGA
ASV_7	Bacteria	NA	NA	NA	NA	NA	NA	ASV_7	TATGTGACCTCCTACGGGAGGCAGCAGTGGGGAATCTTGCGCAATGCGCGAAAGCGTGACGCAGCAACGCCGCGTGGGGGAAGAAGGCTTTCGGGTTGTAAACCCCTTTCAGTTGGGACGAAGCTTCGGCGGTGGAATGCGTAGAGATCCGGAAGAACACCGGTGGCGAAGGCGGCTCGCTGGGCCGTTGCTGACGCTGAGGCGCGACAGCGTGGGGAGCAAACAGGATTAGAAACCCGGGTAGTCCGA
ASV_8	Bacteria	Chloroflexi	Anaerolineae	RBG-13-54-9	NA	NA	NA	ASV_8	GCGAGGAATATTGCGCAATGGGCGCAAGCCTGACGCAGTAACGCCGCGTGAGGGAAGAAGGCCTTCGGGTCGTAAACCTCTTTTCGGAGGGACGAGACAGGACGGTACCTCTGGAATAAGTCTCGGCTAACTACGTGCCAGCAGCCGCGGTAAAACGTAGGAGGCGAGCGTTATCCGGATTCACTGGGCGTAAAGCGCGTGTAGGTGGCTCGTCAAGTCGATGGTGAAAGCCAGGGGAGCAAACGGGA
ASV_9	Bacteria	Patescibacteria	Saccharimonadia	Saccharimonadales	LWQ8	NA	NA	ASV_9	GTAGGGAATTTTCCACAATGGACGAAAGTCTGATGGAGCAACGCCGCGTGCAGGATGAATGCCTTCGGGTTGTAAACTGCTTTTATATGTGACGAATATGACGGTAGCATATGAATAAGGATCGGCTAACTCCGTGCCAGCAGCCGCGGTCATACGGAGGATCCAAGCGTTATCCGGAATTACTGGGCGTAAAGAGTTGCGTAGGTGGCATAGTAAGTAGATAGTGAAAGCGTGGGGAGCGAACAGGA
ASV_10	Bacteria	Patescibacteria	Saccharimonadia	Saccharimonadales	Saccharimonadaceae	TM7a	NA	ASV_10	GTAAGGAATCTTCCACAATGGGGGCAACCCTGATGGAGCAACGCCGCGTGCAGGATGAAGGCCCTCGGGTCGTAAACTGCTTTTATGAGTGAAGAATATGACGGTAACTCATGAATAAGGGTCGGCTAACTACGTGCCAGCAGCCGCGGTCATACGTAGGACCCAAGCGTTATCCGGAGTGACTGGGCGTAAAGAGTTGCGTAGGTGGTCGGTAAAGCAAATAGTGAAATCTGGGGGAGCAAACGGGA
ASV_11	Bacteria	Patescibacteria	Saccharimonadia	Saccharimonadales	LWQ8	NA	NA	ASV_11	GTAGGGAATTTTCCACAATGGACGAAAGTCTGATGGAGCAACGCCGCGTGCAGGATGAATGCCTTCGGGTTGTAAACTGCTTTTATCTGTGACGATTATGACGGTAGCAGATGAATAAGGATCGGCTAACTCCGTGCCAGCAGCCGCGGTCATACGGAGGATCCAAGCGTTATCCGGAATTACTGGGCGTAAAGAGTTGCGTAGGTGGCACTGTAAGTTGGTAGTGAAAGCGTGGGGAGCAAACAGGA
ASV_12	Bacteria	Patescibacteria	Saccharimonadia	Saccharimonadales	LWQ8	NA	NA	ASV_12	GTAGGGAATTTTCCACAATGGACGAAAGTCTGATGGAGCAACGCCGCGTGCAGGATGAATGTCTTCGGATTGTAAACTGCTTTTATCTGTGACGAATATGACGGTAGCAGATGAATAAGCCTCGGCTAACTCCGTGCCAGCAGCCGCGGTCATACGGAGGAGGCAAGCGTTATCCGGAATTACTGGGCGTAAAGAGTTGCGTAGGTGGCAAAGTATGTCTGTAGTGAAAGCGTGGGGAGCAAACAGGA
ASV_13	Bacteria	Patescibacteria	Saccharimonadia	Saccharimonadales	LWQ8	NA	NA	ASV_13	GTAGGGAATTTTCCACAATGGGCGAAAGCCTGATGGAGCAACGCCGCGTGCAGGATGAATGCCTTCGGGTTGTAAACTGCTTTTATATGTGACGATTATGACGGTAGCATATGAATAAGGATCGGCTAACTCCGTGCCAGCAGCCGCGGTCATACGGAGGATCCAAGCGTTATCCGGAATTACTGGGCGTAAAGAGTTGCGTAGGTGGCATTGTAAGTTGATAGTGAAAGCGTGGGGAGCAAACAGGA
ASV_14	Bacteria	Patescibacteria	Saccharimonadia	Saccharimonadales	LWQ8	NA	NA	ASV_14	GTAGGGAATTTTCCACAATGGGCGAAAGCCTGATGGAGCAACGCCGCGTGCAGGATGAATGCCTTCGGGTTGTAAACTGCTTTTATATGTGACGATTATGACGGTAGCATATGAATAAGGATCGGCTAACTCCGTGCCAGCAGCCGCGGTCATACGGAGGATCCAAGCGTTATCCGGAATTACTGGGCGTAAAGAGTTGCGTAGGTGGCATAGTAAGCGAGTAGTGAAAGCGTGGGGAGCAAACAGGA
ASV_15	Bacteria	Patescibacteria	Saccharimonadia	Saccharimonadales	LWQ8	NA	NA	ASV_15	GTAGGGAATTTTCCACAATGGACGAAAGTCTGATGGAGCAACGCCGCGTGCAGGATGAATGCCTTCGGGTTGTAAACTGCTTTTATATGTGACGATTTTGACGGTAGCATATGAATAAGGATCGGCTAACTCCGTGCCAGCAGCCGCGGTCATACGGAGGATCCAAGCGTTATCCGGAATTACTGGGCGTAAAGAGTTGCGTAGGTGGCAGAGTAAGTTTGTAGTGAAAGCGTGGGGAGCAAACAGGA
ASV_16	Bacteria	Armatimonadota	NA	NA	NA	NA	NA	ASV_16	ATGAGGAATATTGCACAATGGGCGAAAGCCTGATGCAGCGACGCCGCGTGGGTGAGGAAGTTCTTCGGAATGTAAAGCCCTTTTGTCGGGGACGATCCAAGACGGTACCCGACGAATAAGCCCCGGCTAACTACGTGCCAGCAGCCGCGGTAATACGTAGGGGGCAAGCGTTGTCCGGATTTACTGGGCGTAAAGAGCGCGTAGGCGGACGTTTAAGTGTGGCCTGAAAGCGTGGGGAGCAAACAGGA
